Title,Company,Location,Salary,Experience
Government Engineer,Department of Defense,"New York, NY",104436.0,standard
Government Engineer,Department of the Air Force,Remote,54557.0,standard
Government Engineer,Department of Transportation,Remote,47813.0,standard
Government Engineer,Department of Transportation,Remote,47813.0,standard
Government Engineer,Department of Transportation,Remote,31083.0,standard
Government Engineer,Department of Transportation,"New York, NY",83047.0,standard
Government Engineer,Department of Veterans Affairs,"New York, NY",146058.0,standard
Government Engineer,Department of the Air Force,Remote,62107.0,standard
Government Engineer,Department of Transportation,Remote,47813.0,standard
Government Engineer,Department of Transportation,Remote,47813.0,standard
Government Engineer,Department of Transportation,Remote,31083.0,standard
Government Engineer,Department of Transportation,Remote,47813.0,standard
Government Engineer,Department of Transportation,Remote,31083.0,standard
Government Engineer,Department of the Air Force,Remote,62107.0,standard
Government Engineer,Department of Homeland Security,Remote,108723.0,standard
Government Engineer,Department of Transportation,Remote,67712.0,standard
Government Engineer,Department of Veterans Affairs,"New York, NY",56703.0,standard
